"term","count"
"carl boettiger",69
"carl boettinger",12
"cecile ane aic",8
"good computing practices",7
"lab notebook template",7
"fitzjohn, r.g. 2011.quantitative traits and diversification. systematic biology 59, 1",6
"non-natives: 141 scientists object",5
"mendeley api",5
"kcachegrind pmc",3
"robert hijmans",3
"http://www.carlboettiger.info/archives/1021",3
"lab notebook",3
"lab notebook github",3
"open lab notebook",3
"confidence intervals fitcontinuous",2
"boettiger notebook",2
"wrightscape",2
"what topic can i do my scientific research on",2
"luke harmon fossil medusa",2
"bayes factor abc",2
"everyone believes the data except model",2
"laboratory notebook document templates",2
"github lab notebook",2
"registertwitteroauth save",2
"science notebook",2
"stochastic population",2
"simberloff nature 475 36 2011",2
"abstract related to warning signs",2
"pacala plenary",2
"wordpress lab notebook",2
"boettinger evolution theory",2
"gtr+i+g",2
"reichman, o.j., jones, m., schildhauer, m.p., 2011. challenges and opportunities of open data in ecology. science 31, 703-705.",2
"latex diff on git diff",2
"adaptive dynamics pip",2
"amazon +ami r phylogenetics",2
"ecology transformed: nceas and changing patterns of ecological research",2
"rfishbase",2
"jeff gentry twitter r",2
"adaptive dynamics simulation",2
"jennifer lin plos",2
"justifying using gtr+g in phylogenetics",2
"short note on diversifications",2
"twitter package r",2
"mendeley bibtex 2011",2
"carl botteiger",2
"non-natives 141 scientists object",2
"treepar",2
"sheep grazing mechanism",2
"abc bayesian bayes factor",2
"data management nsf biology",2
"sematic lab notebook",1
"science lab notebook template",1
"using api in r",1
"kendall's tau with raw data",1
"treebase oai-pmh adress",1
"in statistics, explain the a_b_c model",1
"early warning signs population collapse",1
"cran - package twitter",1
"brownie.lite function",1
"simberloff, d. (2011) non natives: 141 scientists object. nature, 475, 36.",1
"ellner rapid evolution ecology letters",1
"what kind of notebook should my lab notebook be",1
"kcite wordpress",1
"carl boettiger ""treebase r interface",1
"treepar rabosky",1
"creative science lab journal/notebook images",1
"gource +ffmpeg +sameq",1
"csgfer65h f",1
"carl boettiger uc davis",1
"plos r karthik",1
"lab notebook icon",1
"abstract+population dynamics",1
"signal lambda",1
"diversification rates laser tutorial",1
"allesina",1
"gtr+i+g model",1
"c. p. robert and casella",1
"bodega phylogenetic",1
"rabosky medusa",1
"rogue taxa",1
"kartik ram august 2011",1
"pull to the present lineages through time",1
"heather piwowar, dataone, nescent and dryad “tracking data reuse: motivations, methods, and obstacles”",1
"boettiger",1
"carl boettingr",1
"fitzjohn, r.g. 2011.quantitative traits and diversification",1
"nceas",1
"bisse phylogenetics",1
"r treesim",1
"geturl ?to purl",1
"millenium ecosystem assessment cod stocks",1
"bruce rannala bodega phylogenetics",1
"r package cloud computing cluster",1
"robert abc pnas",1
"sedghifar ethnicity",1
"geiger geospiza",1
"gillespie simulation",1
"writing cloud computing",1
"science lab notebook ideas",1
"science lab notebook",1
"invalid or unaccessible kernel id in ami manifest",1
"bound lab notebook",1
"medusa rabosky",1
"boettiger carl uc davis",1
"what is gtr+g+i model",1
"vasilis dakos",1
"simberloff nature",1
"phylogenetics ec2",1
"oauthfactory$new",1
"medusa harmon",1
"introductory lecture to ecology",1
"body size correction",1
"abc in ecology",1
"dirichlet prior process phylogenetic",1
"isn-10 scientific notebook",1
"large data problems",1
"gource toolkit",1
"merritt fedora",1
"abc bayes",1
"cool physics projects",1
"planning of a model of a phylogenetic tree",1
"segue install packages",1
"parrot fish evolution",1
"supertree bodega",1
"kartik ram",1
"felsenstein -lee -walter -nerds",1
"abc model pdf phylogeography",1
"mendeley wordpress bibliography",1
"science notebook icons",1
"short note on diversification",1
"gillespie-algorithmus",1
"linking pdf with bib entry mendley",1
"r mendeley",1
"carl boetinger",1
"r segue cluster",1
"von boettiger",1
"birth-death model introduction ecology",1
"nature 2011 davis 18 scientists",1
"science collaboration doesn't work",1
"gtr model identifiability",1
"lab notebook entry",1
"rsession tutorial",1
"nsf data archiving",1
"mendeley github",1
"match cite key with pdf bibtex",1
"semantic notebook",1
"cloud computing with r",1
"robert abc model choice pnas",1
"”everyone believes the data except the collector. no one believes the model except the modeller”",1
"f1000 reviews",1
"lab notebook template word",1
"edger error ""reciprocal condition number""",1
"whitlockdata.com",1
"jon a. eastman",1
"medusa software extinction rate",1
"albert-bayesian computation with r solution",1
"treebase phylogeny",1
"evolution manuscrips",1
"chemistry lab notebook write up",1
"phylogenetics statistics",1
"nsf sponsoring scientist statement",1
"latexdiff capacity",1
"script monte carlo simulation in r",1
"ecology big data",1
"template for daily lab noebook",1
"twitter r package",1
"auteur harmon phylogeny plot",1
"error configuration failed for package gsl",1
"this lab book disclaimer",1
"quantitative traits and diversification",1
"r twitter package",1
"carl boettig",1
"f1000 review",1
"f1000 impact reviews",1
"stadler tanja shifts diversification",1
"auteur: a novel comparative method for modeling shifts in the rate of character evolution on trees",1
"twitter r packasge",1
"gtr+g+i",1
"""bootstrapped likelihood""",1
"crossref",1
"evolution 64 (2010): 1816-1824",1
"twitter r package help",1
"boettigger",1
"can you run mathematica 8 in cloud",1
"datacite",1
"""power curve"" statistical",1
"lab notebooks evolutionary theoretical",1
"mammalian phylogeny reveals recent diversification rate shifts",1
"datacite hylke koers",1
"scifoo11",1
"uc3 panel discussion davis",1
"science notebook categories",1
"github reproducible",1
"""kim cuddington"" -book",1
"kartik ram stanford",1
"stochastic jokes",1
"mcmcmc,c ,,",1
"hylke koers elsevier",1
"evololution manuscrips",1
"http://www.carlboettiger.info/archives/1423",1
"how many postdoc applications postdoc to send",1
"gillespie algorithm exponential distribution",1
"correction for linear regressions in log space",1
"""gtr + i + g""",1
"bayes factors",1
"examples of reviewers comments + phylogenetics",1
"phylogenetic gtr + i + g model",1
"science laboratory notebooks",1
"wordpress bibliography plugin",1
"fourier likelihood",1
"ami r phylogenetics amazon cloud",1
"bodega wiki phylogenetics",1
"simberloff et al 2011",1
"r create a local cloud cloud computing",1
"asking for collaboration science",1
"intraspecific variation symp",1
"+aws +""invalid or unaccessible kernel id in ami manifest""",1
"example of exponential growth in the pacific",1
"write short note on diversifications",1
"marc cadotte",1
"""exposing dataset"" joel hammond",1
"latexdiff git",1
"threshold model felsenstein",1
"models of extinctions and punctuations",1
"birth/death model",1
"phylogenetic model ""invariant sites""",1
"approximate approximate bayesian computation with r",1
"github electronic lab notebook",1
"barb banbury www brian omeara info http",1
"open notebook science",1
"academic year summary",1
"joel boettiger",1
"oauthfactory handshake error in r",1
"identifyability",1
"fourier of lorentzian power spectrum",1
"fitcontinuous confidence intervals",1
"abc bayesian",1
"registertwitteroauth",1
"a function that is neither increasing or decreasing but converges",1
"gillespie algorithm",1
"latexdiff and git",1
"fourier transform lorentzian",1
"sidlauskas linking big",1
"""approximate bayesian computing"" tracking",1
"my creative science notebook",1
"easy cloud",1
"stochastic population dynamics",1
"edger ""system is computationally singular: """,1
"gtr+g+i model",1
"abc-sysbio",1
